Job,ID,DagmanID,Node IP,SUBMIT,EXECUTE,JOB_TERMINATED,JOB_SUCCESS,POST_SCRIPT_STARTED,POST_SCRIPT_TERMINATED,POST_SCRIPT_SUCCESS,wait_time,exec_time,ps_time
individuals,ID0000016,2245.000.000,192.168.5.102,1645612731,1645613536,1645614384,1645614388,1645614388,1645614389,1645614393,805,852,5
stage_in_remote_local_0,0,2207.000.000,192.168.5.10,1645612680,1645612682,1645612684,1645612685,1645612685,1645612685,1645612690,2,3,5
mutation_overlap,ID0000057,2279.000.000,192.168.5.105,1645619209,1645619221,1645619495,1645619499,1645619499,1645619499,1645619504,12,278,5
frequency,ID0000058,2270.000.000,192.168.5.102,1645619199,1645619221,1645620103,1645620105,1645620105,1645620105,1645620110,22,884,5
individuals,ID0000044,2231.000.000,192.168.5.103,1645612716,1645612749,1645613588,1645613593,1645613593,1645613594,1645613598,33,844,5
individuals,ID0000021,2264.000.000,192.168.5.101,1645612747,1645614205,1645614820,1645614824,1645614824,1645614824,1645614829,1458,619,5
individuals,ID0000005,2227.000.000,192.168.5.105,1645612710,1645612770,1645613631,1645613633,1645613633,1645613633,1645613638,60,863,5
mutation_overlap,ID0000053,2269.000.000,192.168.5.102,1645619199,1645619221,1645619439,1645619444,1645619444,1645619444,1645619449,22,223,5
individuals,ID0000023,2260.000.000,192.168.5.106,1645612747,1645613701,1645614642,1645614643,1645614643,1645614644,1645614648,954,942,5
sifting,ID0000052,2265.000.000,192.168.5.101,1645612752,1645614202,1645614205,1645614208,1645614208,1645614208,1645614213,1450,6,5
stage_out_local_local_2,1,2281.000.000,192.168.5.10,1645620115,1645620115,1645620120,1645620120,1645620120,1645620120,1645620125,0,5,5
individuals,ID0000004,2225.000.000,192.168.5.101,1645612710,1645612740,1645613476,1645613478,1645613478,1645613478,1645613483,30,738,5
mutation_overlap,ID0000055,2272.000.000,192.168.5.104,1645619204,1645619221,1645619435,1645619439,1645619439,1645619439,1645619444,17,218,5
individuals,ID0000045,2233.000.000,192.168.5.103,1645612716,1645612755,1645613595,1645613598,1645613598,1645613598,1645613603,39,843,5
individuals,ID0000049,2228.000.000,192.168.5.105,1645612710,1645612768,1645613619,1645613623,1645613623,1645613624,1645613628,58,855,5
frequency,ID0000056,2278.000.000,192.168.5.101,1645619209,1645619222,1645620086,1645620090,1645620090,1645620091,1645620095,13,868,5
individuals,ID0000038,2216.000.000,192.168.5.102,1645612700,1645612713,1645613537,1645613538,1645613538,1645613538,1645613543,13,825,5
individuals,ID0000013,2250.000.000,192.168.5.103,1645612737,1645613595,1645614449,1645614453,1645614453,1645614454,1645614458,858,858,5
individuals,ID0000009,2239.000.000,192.168.5.103,1645612721,1645613131,1645613971,1645613973,1645613973,1645613973,1645613978,410,842,5
stage_out_local_local_2,0,2282.000.000,192.168.5.10,1645620156,1645620156,1645620160,1645620161,1645620161,1645620161,1645620166,0,5,5
individuals,ID0000011,2248.000.000,192.168.5.104,1645612731,1645613568,1645614452,1645614453,1645614453,1645614454,1645614458,837,885,5
individuals,ID0000037,2215.000.000,192.168.5.102,1645612700,1645612713,1645613528,1645613528,1645613528,1645613529,1645613533,13,815,5
individuals,ID0000026,2255.000.000,192.168.5.104,1645612742,1645613628,1645614514,1645614518,1645614518,1645614518,1645614523,886,890,5
stage_in_local_local_2,0,2209.000.000,192.168.5.10,1645612680,1645612682,1645612686,1645612690,1645612690,1645612690,1645612695,2,8,5
individuals,ID0000012,2249.000.000,192.168.5.103,1645612731,1645613594,1645614448,1645614448,1645614448,1645614448,1645614453,863,854,5
individuals,ID0000035,2220.000.000,192.168.5.104,1645612705,1645612739,1645613646,1645613648,1645613648,1645613649,1645613653,34,909,5
individuals,ID0000010,2253.000.000,192.168.5.105,1645612737,1645613625,1645614496,1645614498,1645614498,1645614499,1645614503,888,873,5
individuals,ID0000034,2219.000.000,192.168.5.104,1645612700,1645612707,1645613562,1645613563,1645613563,1645613564,1645613568,7,856,5
frequency,ID0000054,2275.000.000,192.168.5.101,1645619204,1645619222,1645620145,1645620146,1645620146,1645620146,1645620151,18,924,5
stage_in_remote_local_2,0,2205.000.000,192.168.5.10,1645612680,1645612680,1645612682,1645612685,1645612685,1645612685,1645612690,0,5,5
frequency,ID0000062,2268.000.000,192.168.5.102,1645619199,1645619200,1645620036,1645620040,1645620040,1645620040,1645620045,1,840,5
individuals,ID0000008,2238.000.000,192.168.5.106,1645612721,1645612772,1645613693,1645613698,1645613698,1645613699,1645613703,51,926,5
individuals,ID0000047,2237.000.000,192.168.5.106,1645612721,1645612759,1645613681,1645613683,1645613683,1645613683,1645613688,38,924,5
stage_in_local_local_2,1,2212.000.000,192.168.5.10,1645612685,1645612686,1645612691,1645612695,1645612695,1645612695,1645612700,1,9,5
individuals,ID0000020,2263.000.000,192.168.5.103,1645612747,1645614026,1645614745,1645614749,1645614749,1645614749,1645614754,1279,723,5
individuals,ID0000048,2226.000.000,192.168.5.101,1645612710,1645612742,1645613477,1645613478,1645613478,1645613478,1645613483,32,736,5
individuals,ID0000007,2230.000.000,192.168.5.105,1645612715,1645612738,1645613608,1645613613,1645613613,1645613613,1645613618,23,875,5
individuals,ID0000039,2217.000.000,192.168.5.102,1645612700,1645612713,1645613529,1645613533,1645613533,1645613533,1645613538,13,820,5
frequency,ID0000060,2267.000.000,192.168.5.102,1645619198,1645619200,1645620035,1645620040,1645620040,1645620040,1645620045,2,840,5
individuals,ID0000022,2259.000.000,192.168.5.106,1645612742,1645613685,1645614637,1645614638,1645614638,1645614638,1645614643,943,953,5
individuals,ID0000017,2246.000.000,192.168.5.102,1645612731,1645613546,1645614387,1645614388,1645614388,1645614389,1645614393,815,842,5
individuals_merge,ID0000051,2266.000.000,192.168.5.101,1645614834,1645614838,1645619184,1645619188,1645619188,1645619188,1645619193,4,4350,5
mutation_overlap,ID0000063,2271.000.000,192.168.5.104,1645619199,1645619222,1645619432,1645619434,1645619434,1645619435,1645619439,23,212,5
individuals,ID0000031,2223.000.000,192.168.5.101,1645612705,1645612768,1645613487,1645613488,1645613488,1645613488,1645613493,63,720,5
mutation_overlap,ID0000059,2280.000.000,192.168.5.105,1645619209,1645619221,1645619432,1645619434,1645619434,1645619435,1645619439,12,213,5
individuals,ID0000033,2218.000.000,192.168.5.102,1645612700,1645612713,1645613537,1645613538,1645613538,1645613538,1645613543,13,825,5
stage_in_local_local_0,1,2211.000.000,192.168.5.10,1645612685,1645612686,1645612689,1645612690,1645612690,1645612691,1645612695,1,4,5
individuals,ID0000018,2247.000.000,192.168.5.102,1645612731,1645613546,1645614382,1645614383,1645614383,1645614383,1645614388,815,837,5
mutation_overlap,ID0000061,2277.000.000,192.168.5.101,1645619209,1645619222,1645619435,1645619439,1645619439,1645619439,1645619444,13,217,5
stage_in_local_local_0,2,2214.000.000,192.168.5.10,1645612685,1645612686,1645612689,1645612690,1645612690,1645612691,1645612695,1,4,5
individuals,ID0000042,2242.000.000,192.168.5.101,1645612726,1645613484,1645614191,1645614193,1645614193,1645614193,1645614198,758,709,5
individuals,ID0000040,2240.000.000,192.168.5.101,1645612726,1645613474,1645614172,1645614173,1645614173,1645614174,1645614178,748,699,5
individuals,ID0000028,2257.000.000,192.168.5.104,1645612742,1645613644,1645614533,1645614538,1645614538,1645614538,1645614543,902,894,5
cleanup_1000-genome_0,local,2283.000.000,192.168.5.10,1645620171,1645620171,1645620174,1645620176,1645620176,1645620177,1645620181,0,5,5
frequency,ID0000066,2276.000.000,192.168.5.101,1645619204,1645619222,1645620023,1645620025,1645620025,1645620026,1645620030,18,803,5
individuals,ID0000002,2234.000.000,192.168.5.103,1645612716,1645612745,1645613586,1645613588,1645613588,1645613588,1645613593,29,843,5
individuals,ID0000027,2256.000.000,192.168.5.105,1645612742,1645613637,1645614500,1645614503,1645614503,1645614503,1645614508,895,866,5
individuals,ID0000036,2221.000.000,192.168.5.104,1645612705,1645612739,1645613622,1645613623,1645613623,1645613624,1645613628,34,884,5
frequency,ID0000064,2274.000.000,192.168.5.104,1645619204,1645619222,1645619939,1645619940,1645619940,1645619940,1645619945,18,718,5
individuals,ID0000019,2252.000.000,192.168.5.105,1645612737,1645613613,1645614481,1645614483,1645614483,1645614483,1645614488,876,870,5
individuals,ID0000001,2232.000.000,192.168.5.103,1645612716,1645612746,1645613125,1645613128,1645613128,1645613128,1645613133,30,382,5
individuals,ID0000025,2262.000.000,192.168.5.106,1645612747,1645613703,1645614656,1645614658,1645614658,1645614658,1645614663,956,955,5
stage_in_local_local_0,0,2208.000.000,192.168.5.10,1645612680,1645612682,1645612684,1645612685,1645612685,1645612685,1645612690,2,3,5
individuals,ID0000043,2243.000.000,192.168.5.101,1645612726,1645613493,1645614198,1645614198,1645614198,1645614199,1645614203,767,705,5
create_dir_1000-genome_0,local,2204.000.000,192.168.5.10,1645612665,1645612667,1645612669,1645612670,1645612670,1645612671,1645612675,2,3,5
individuals,ID0000024,2261.000.000,192.168.5.106,1645612747,1645613702,1645614652,1645614653,1645614653,1645614653,1645614658,955,951,5
stage_in_remote_local_1,0,2206.000.000,192.168.5.10,1645612680,1645612682,1645612684,1645612685,1645612685,1645612685,1645612690,2,3,5
individuals,ID0000041,2241.000.000,192.168.5.101,1645612726,1645613482,1645614185,1645614188,1645614188,1645614188,1645614193,756,706,5
DAGMAN,,2203.0,,1645612661,,,,,,1645620181,,,
individuals,ID0000003,2236.000.000,192.168.5.106,1645612721,1645612772,1645613694,1645613698,1645613698,1645613699,1645613703,51,926,5
stage_in_remote_local_2,1,2213.000.000,192.168.5.10,1645612685,1645612686,1645612689,1645612690,1645612690,1645612690,1645612695,1,4,5
individuals,ID0000046,2235.000.000,192.168.5.106,1645612721,1645612773,1645613694,1645613698,1645613698,1645613699,1645613703,52,925,5
individuals,ID0000014,2251.000.000,192.168.5.103,1645612737,1645613602,1645614456,1645614458,1645614458,1645614458,1645614463,865,856,5
individuals,ID0000030,2222.000.000,192.168.5.104,1645612705,1645612738,1645613639,1645613643,1645613643,1645613643,1645613648,33,905,5
individuals,ID0000050,2254.000.000,192.168.5.105,1645612737,1645613629,1645614493,1645614498,1645614498,1645614499,1645614503,892,869,5
individuals,ID0000006,2229.000.000,192.168.5.105,1645612710,1645612769,1645613621,1645613623,1645613623,1645613624,1645613628,59,854,5
individuals,ID0000015,2244.000.000,192.168.5.102,1645612726,1645613534,1645614385,1645614388,1645614388,1645614389,1645614393,808,854,5
individuals,ID0000029,2258.000.000,192.168.5.104,1645612742,1645613651,1645614527,1645614528,1645614528,1645614529,1645614533,909,877,5
stage_in_remote_local_0,1,2210.000.000,192.168.5.10,1645612685,1645612686,1645612689,1645612690,1645612690,1645612691,1645612695,1,4,5
mutation_overlap,ID0000065,2273.000.000,192.168.5.104,1645619204,1645619222,1645619432,1645619434,1645619434,1645619435,1645619439,18,212,5
individuals,ID0000032,2224.000.000,192.168.5.101,1645612705,1645612742,1645613469,1645613473,1645613473,1645613474,1645613478,37,731,5
